5820fd76-39c3-45e0-9355-c6d2d4d36109_worker_0_transcript.jsonl	e8c5f99e867228e0	/home/tcuni-claw/.pi/agent/sessions/--data_0-panel_design-projects-TC-BAFS-Triticale-100K-outputs--/subagent-artifacts/5820fd76-39c3-45e0-9355-c6d2d4d36109_worker_0_transcript.jsonl
105f7ebd-422a-4729-81ae-4b2f32b7f890_worker_0_transcript.jsonl	0d8e9c7ee5082733	/home/tcuni-claw/.pi/agent/sessions/--data_0-panel_design-projects-TC-Uni-Maize-PanExome-20260409--/subagent-artifacts/105f7ebd-422a-4729-81ae-4b2f32b7f890_worker_0_transcript.jsonl
1739463b-a031-4c7b-996c-5ebd7b1c6472_worker_0_transcript.jsonl	b8485f0e665d119c	/home/tcuni-claw/.pi/agent/sessions/--data_0-panel_design-projects-TC-Uni-Maize-PanExome-20260409--/subagent-artifacts/1739463b-a031-4c7b-996c-5ebd7b1c6472_worker_0_transcript.jsonl
1dc5909e-97b4-4ec3-b6b1-db58c3a89f21_scout_0_transcript.jsonl	01535b66f2d94c17	/home/tcuni-claw/.pi/agent/sessions/--data_0-panel_design-projects-TC-Uni-Maize-PanExome-20260409--/subagent-artifacts/1dc5909e-97b4-4ec3-b6b1-db58c3a89f21_scout_0_transcript.jsonl
22d4b9cf-6582-40da-bf82-e33e2d200481_worker_0_transcript.jsonl	0085b8124d580539	/home/tcuni-claw/.pi/agent/sessions/--data_0-panel_design-projects-TC-Uni-Maize-PanExome-20260409--/subagent-artifacts/22d4b9cf-6582-40da-bf82-e33e2d200481_worker_0_transcript.jsonl
2903d8ec-c0af-4166-ba5a-d5eba3bdd540_worker_0_transcript.jsonl	dd46fd3910881698	/home/tcuni-claw/.pi/agent/sessions/--data_0-panel_design-projects-TC-Uni-Maize-PanExome-20260409--/subagent-artifacts/2903d8ec-c0af-4166-ba5a-d5eba3bdd540_worker_0_transcript.jsonl
2fb14cca-4371-45b7-857f-69ed12080719_oracle_0_transcript.jsonl	f6facb0ed92d54e1	/home/tcuni-claw/.pi/agent/sessions/--data_0-panel_design-projects-TC-Uni-Maize-PanExome-20260409--/subagent-artifacts/2fb14cca-4371-45b7-857f-69ed12080719_oracle_0_transcript.jsonl
52bf2b7b-75eb-45ad-9f02-91567e2eb5ba_worker_0_transcript.jsonl	480a9ee7cdb9d095	/home/tcuni-claw/.pi/agent/sessions/--data_0-panel_design-projects-TC-Uni-Maize-PanExome-20260409--/subagent-artifacts/52bf2b7b-75eb-45ad-9f02-91567e2eb5ba_worker_0_transcript.jsonl
665c56a5-b325-406c-b776-1373ce351997_worker_0_transcript.jsonl	3686c32d27c356d5	/home/tcuni-claw/.pi/agent/sessions/--data_0-panel_design-projects-TC-Uni-Maize-PanExome-20260409--/subagent-artifacts/665c56a5-b325-406c-b776-1373ce351997_worker_0_transcript.jsonl
6f05bc5c-cdf5-431e-9084-1f65b63e5fe6_worker_0_transcript.jsonl	cb5c7f287431a48b	/home/tcuni-claw/.pi/agent/sessions/--data_0-panel_design-projects-TC-Uni-Maize-PanExome-20260409--/subagent-artifacts/6f05bc5c-cdf5-431e-9084-1f65b63e5fe6_worker_0_transcript.jsonl
86f75a2d-8257-4f2a-af69-fe0587218896_worker_0_transcript.jsonl	d17ea4a3806dc8a8	/home/tcuni-claw/.pi/agent/sessions/--data_0-panel_design-projects-TC-Uni-Maize-PanExome-20260409--/subagent-artifacts/86f75a2d-8257-4f2a-af69-fe0587218896_worker_0_transcript.jsonl
8c3da77e-abf8-42b1-960b-a7d057ad0ca9_worker_0_transcript.jsonl	a15470e3ef331b1a	/home/tcuni-claw/.pi/agent/sessions/--data_0-panel_design-projects-TC-Uni-Maize-PanExome-20260409--/subagent-artifacts/8c3da77e-abf8-42b1-960b-a7d057ad0ca9_worker_0_transcript.jsonl
8db9b9cc-e381-4f64-9909-a7327294ff4c_worker_0_transcript.jsonl	a3141d7a9ba31e63	/home/tcuni-claw/.pi/agent/sessions/--data_0-panel_design-projects-TC-Uni-Maize-PanExome-20260409--/subagent-artifacts/8db9b9cc-e381-4f64-9909-a7327294ff4c_worker_0_transcript.jsonl
9daaaecf-ee67-48d6-8b01-6f031f28d2ec_worker_0_transcript.jsonl	d356a097a8c271c8	/home/tcuni-claw/.pi/agent/sessions/--data_0-panel_design-projects-TC-Uni-Maize-PanExome-20260409--/subagent-artifacts/9daaaecf-ee67-48d6-8b01-6f031f28d2ec_worker_0_transcript.jsonl
a51dae47-fd4c-486c-8ec9-4af5a9a3fa38_worker_0_transcript.jsonl	ba8ee52880cc917b	/home/tcuni-claw/.pi/agent/sessions/--data_0-panel_design-projects-TC-Uni-Maize-PanExome-20260409--/subagent-artifacts/a51dae47-fd4c-486c-8ec9-4af5a9a3fa38_worker_0_transcript.jsonl
c682834e-85d4-4f6b-8705-e01edad6373e_worker_0_transcript.jsonl	a91f2e68e3ea1cee	/home/tcuni-claw/.pi/agent/sessions/--data_0-panel_design-projects-TC-Uni-Maize-PanExome-20260409--/subagent-artifacts/c682834e-85d4-4f6b-8705-e01edad6373e_worker_0_transcript.jsonl
e4da333a-8dcf-4ded-8ac4-f11f3daf2198_worker_0_transcript.jsonl	faabcbe4615bd607	/home/tcuni-claw/.pi/agent/sessions/--data_0-panel_design-projects-TC-Uni-Maize-PanExome-20260409--/subagent-artifacts/e4da333a-8dcf-4ded-8ac4-f11f3daf2198_worker_0_transcript.jsonl
0e9737ae-0e6a-4701-8e60-b9e62defd6ac_worker_0_transcript.jsonl	da68a6bc79caaadc	/home/tcuni-claw/.pi/agent/sessions/--data_0-project-glx-TC-GTS-20260529-QK287--/subagent-artifacts/0e9737ae-0e6a-4701-8e60-b9e62defd6ac_worker_0_transcript.jsonl
5ca3cf6f-ae9c-44b4-92ee-1a991032d5e7_worker_0_transcript.jsonl	10d3577507f2090e	/home/tcuni-claw/.pi/agent/sessions/--data_0-project-glx-TC-GTS-20260529-QK287--/subagent-artifacts/5ca3cf6f-ae9c-44b4-92ee-1a991032d5e7_worker_0_transcript.jsonl
6f953adb-f40e-49a9-be35-203ea9e53223_worker_0_transcript.jsonl	329eb02f3d24d91b	/home/tcuni-claw/.pi/agent/sessions/--data_0-project-glx-TC-GTS-20260529-QK287--/subagent-artifacts/6f953adb-f40e-49a9-be35-203ea9e53223_worker_0_transcript.jsonl
da3adfd6-670f-45ea-9590-00c3c66445d6_worker_0_transcript.jsonl	e0615858901bd2df	/home/tcuni-claw/.pi/agent/sessions/--data_0-project-glx-TC-GTS-20260529-QK287--/subagent-artifacts/da3adfd6-670f-45ea-9590-00c3c66445d6_worker_0_transcript.jsonl
dec54177-556d-4c79-8b35-7544618571b8_worker_0_transcript.jsonl	08338893d02a1355	/home/tcuni-claw/.pi/agent/sessions/--data_0-project-glx-TC-GTS-20260529-QK287--/subagent-artifacts/dec54177-556d-4c79-8b35-7544618571b8_worker_0_transcript.jsonl
9f99676d-c9e4-4215-bb94-8d31bb65836d_worker_0_transcript.jsonl	387ac33a63d473b5	/home/tcuni-claw/.pi/agent/sessions/--home-tcuni-claw-.herdr-worktrees-pi-planner-only-worktree-rapid-cloud-490e--/subagent-artifacts/9f99676d-c9e4-4215-bb94-8d31bb65836d_worker_0_transcript.jsonl
110c9150-3291-4712-91c1-96e140d2726c_reviewer_0_transcript.jsonl	956cb3dc874ed42b	/home/tcuni-claw/.pi/agent/sessions/--home-tcuni-claw-.herdr-worktrees-pi-planner-only-worktree-rapid-cloud-ac4e--/subagent-artifacts/110c9150-3291-4712-91c1-96e140d2726c_reviewer_0_transcript.jsonl
34f27c0f-a2ff-4dad-9cbc-b997b99689e0_worker_0_transcript.jsonl	ea5f9545d40e940f	/home/tcuni-claw/.pi/agent/sessions/--home-tcuni-claw-.herdr-worktrees-pi-planner-only-worktree-rapid-cloud-ac4e--/subagent-artifacts/34f27c0f-a2ff-4dad-9cbc-b997b99689e0_worker_0_transcript.jsonl
4615ab16-afce-4542-81c9-d3f6ad4fd3db_reviewer_0_transcript.jsonl	140e44d78088fd33	/home/tcuni-claw/.pi/agent/sessions/--home-tcuni-claw-.herdr-worktrees-pi-planner-only-worktree-rapid-cloud-ac4e--/subagent-artifacts/4615ab16-afce-4542-81c9-d3f6ad4fd3db_reviewer_0_transcript.jsonl
4f6864c2-d1eb-4a34-9437-e0afcbd0192a_worker_0_transcript.jsonl	0ee7cc8c6ac7a28f	/home/tcuni-claw/.pi/agent/sessions/--home-tcuni-claw-.herdr-worktrees-pi-planner-only-worktree-rapid-cloud-ac4e--/subagent-artifacts/4f6864c2-d1eb-4a34-9437-e0afcbd0192a_worker_0_transcript.jsonl
96374f19-cd07-4bb6-b9f1-60ee1977f550_reviewer_0_transcript.jsonl	4a145bedddc75b6f	/home/tcuni-claw/.pi/agent/sessions/--home-tcuni-claw-.herdr-worktrees-pi-planner-only-worktree-rapid-cloud-ac4e--/subagent-artifacts/96374f19-cd07-4bb6-b9f1-60ee1977f550_reviewer_0_transcript.jsonl
af5e3a80-6904-4935-8859-4d45c946dca7_reviewer_0_transcript.jsonl	9a5a43aed6c7b7b7	/home/tcuni-claw/.pi/agent/sessions/--home-tcuni-claw-.herdr-worktrees-pi-planner-only-worktree-rapid-cloud-ac4e--/subagent-artifacts/af5e3a80-6904-4935-8859-4d45c946dca7_reviewer_0_transcript.jsonl
c6e112df-1faf-42dd-8ad7-ebf1bfa1608a_reviewer_0_transcript.jsonl	810fd64b7a043e98	/home/tcuni-claw/.pi/agent/sessions/--home-tcuni-claw-.herdr-worktrees-pi-planner-only-worktree-rapid-cloud-ac4e--/subagent-artifacts/c6e112df-1faf-42dd-8ad7-ebf1bfa1608a_reviewer_0_transcript.jsonl
ca8882e2-7ba3-47c0-821f-7796b66cb381_reviewer_0_transcript.jsonl	510ece071a3cc7fa	/home/tcuni-claw/.pi/agent/sessions/--home-tcuni-claw-.herdr-worktrees-pi-planner-only-worktree-rapid-cloud-ac4e--/subagent-artifacts/ca8882e2-7ba3-47c0-821f-7796b66cb381_reviewer_0_transcript.jsonl
d0692b33-5c97-4d5b-bf44-bf6301d3238a_reviewer_0_transcript.jsonl	8b328e4a451abc33	/home/tcuni-claw/.pi/agent/sessions/--home-tcuni-claw-.herdr-worktrees-pi-planner-only-worktree-rapid-cloud-ac4e--/subagent-artifacts/d0692b33-5c97-4d5b-bf44-bf6301d3238a_reviewer_0_transcript.jsonl
f37a13a8-0a3a-4128-80a6-375bec142780_reviewer_0_transcript.jsonl	a3e07e6eab609974	/home/tcuni-claw/.pi/agent/sessions/--home-tcuni-claw-.herdr-worktrees-pi-planner-only-worktree-rapid-cloud-ac4e--/subagent-artifacts/f37a13a8-0a3a-4128-80a6-375bec142780_reviewer_0_transcript.jsonl
07e1fabe-6f0e-42d4-8bac-44a7ea3748b0_reviewer_0_transcript.jsonl	f9c87dc39caa81a1	/home/tcuni-claw/.pi/agent/sessions/--home-tcuni-claw-pi-pi-planner-only--/subagent-artifacts/07e1fabe-6f0e-42d4-8bac-44a7ea3748b0_reviewer_0_transcript.jsonl
16deeae3-fab0-416f-9c33-3614e049f786_worker_0_transcript.jsonl	061062be6597f2b0	/home/tcuni-claw/.pi/agent/sessions/--home-tcuni-claw-pi-pi-planner-only--/subagent-artifacts/16deeae3-fab0-416f-9c33-3614e049f786_worker_0_transcript.jsonl
1d63637b-d242-414f-b94b-3d806af423dd_worker_0_transcript.jsonl	9cc6645b3a4610b5	/home/tcuni-claw/.pi/agent/sessions/--home-tcuni-claw-pi-pi-planner-only--/subagent-artifacts/1d63637b-d242-414f-b94b-3d806af423dd_worker_0_transcript.jsonl
1d97fe81-68b7-4a11-a527-90ceb95d4a49_worker_0_transcript.jsonl	34ec6089760b8fa1	/home/tcuni-claw/.pi/agent/sessions/--home-tcuni-claw-pi-pi-planner-only--/subagent-artifacts/1d97fe81-68b7-4a11-a527-90ceb95d4a49_worker_0_transcript.jsonl
1e3da26c-9fa2-4ca2-b07a-ce1fb0dfc56d_worker_0_transcript.jsonl	96d42e3e08fbc6c1	/home/tcuni-claw/.pi/agent/sessions/--home-tcuni-claw-pi-pi-planner-only--/subagent-artifacts/1e3da26c-9fa2-4ca2-b07a-ce1fb0dfc56d_worker_0_transcript.jsonl
22e277b3-c81e-4c23-ab02-a02f47b5dd2c_scout_0_transcript.jsonl	3c468de565f0a2b5	/home/tcuni-claw/.pi/agent/sessions/--home-tcuni-claw-pi-pi-planner-only--/subagent-artifacts/22e277b3-c81e-4c23-ab02-a02f47b5dd2c_scout_0_transcript.jsonl
292c53ef-9995-4353-8658-f5ae0efe982f_worker_0_transcript.jsonl	7fc8dc7f5005440c	/home/tcuni-claw/.pi/agent/sessions/--home-tcuni-claw-pi-pi-planner-only--/subagent-artifacts/292c53ef-9995-4353-8658-f5ae0efe982f_worker_0_transcript.jsonl
2b7125d3-1cd0-4771-a6d1-cc89072c21ab_worker_0_transcript.jsonl	4c2fe1594f904bf1	/home/tcuni-claw/.pi/agent/sessions/--home-tcuni-claw-pi-pi-planner-only--/subagent-artifacts/2b7125d3-1cd0-4771-a6d1-cc89072c21ab_worker_0_transcript.jsonl
2ded5347-ac5a-477b-8dee-409b492f1e64_worker_0_transcript.jsonl	8ae6c74f696caddd	/home/tcuni-claw/.pi/agent/sessions/--home-tcuni-claw-pi-pi-planner-only--/subagent-artifacts/2ded5347-ac5a-477b-8dee-409b492f1e64_worker_0_transcript.jsonl
4095e707-86ad-40ed-9cc4-5c672a7bf747_scout_0_transcript.jsonl	8a88e4990b0ad35c	/home/tcuni-claw/.pi/agent/sessions/--home-tcuni-claw-pi-pi-planner-only--/subagent-artifacts/4095e707-86ad-40ed-9cc4-5c672a7bf747_scout_0_transcript.jsonl
4e124e5d-1f7c-4a37-8acd-3f6677f2b0b6_worker_0_transcript.jsonl	924cc9ed6647c651	/home/tcuni-claw/.pi/agent/sessions/--home-tcuni-claw-pi-pi-planner-only--/subagent-artifacts/4e124e5d-1f7c-4a37-8acd-3f6677f2b0b6_worker_0_transcript.jsonl
53225e23-a661-44f0-a5d7-7dcf4bdb1396_worker_0_transcript.jsonl	c1afea68a90f307a	/home/tcuni-claw/.pi/agent/sessions/--home-tcuni-claw-pi-pi-planner-only--/subagent-artifacts/53225e23-a661-44f0-a5d7-7dcf4bdb1396_worker_0_transcript.jsonl
5844dba8-2804-427e-bde6-8f8e59e80212_worker_0_transcript.jsonl	79b1255d4fb19a6b	/home/tcuni-claw/.pi/agent/sessions/--home-tcuni-claw-pi-pi-planner-only--/subagent-artifacts/5844dba8-2804-427e-bde6-8f8e59e80212_worker_0_transcript.jsonl
5ca443de-e749-4aa7-aee9-4a8fb36bd64a_reviewer_0_transcript.jsonl	e05e0783e3b5e4ad	/home/tcuni-claw/.pi/agent/sessions/--home-tcuni-claw-pi-pi-planner-only--/subagent-artifacts/5ca443de-e749-4aa7-aee9-4a8fb36bd64a_reviewer_0_transcript.jsonl
64db9582-c0f5-4535-981f-a365582b97a1_worker_0_transcript.jsonl	72a21be83f70cdf6	/home/tcuni-claw/.pi/agent/sessions/--home-tcuni-claw-pi-pi-planner-only--/subagent-artifacts/64db9582-c0f5-4535-981f-a365582b97a1_worker_0_transcript.jsonl
7a767cc7-512c-454f-bcaa-3d397610881f_worker_0_transcript.jsonl	454740e358d05012	/home/tcuni-claw/.pi/agent/sessions/--home-tcuni-claw-pi-pi-planner-only--/subagent-artifacts/7a767cc7-512c-454f-bcaa-3d397610881f_worker_0_transcript.jsonl
8244e422-59d5-4c53-99a2-d02afdda6122_worker_0_transcript.jsonl	94cb6401494d007a	/home/tcuni-claw/.pi/agent/sessions/--home-tcuni-claw-pi-pi-planner-only--/subagent-artifacts/8244e422-59d5-4c53-99a2-d02afdda6122_worker_0_transcript.jsonl
824c5eea-585f-4926-98cd-f4b6f4d09642_worker_0_transcript.jsonl	18b10a3336941cd0	/home/tcuni-claw/.pi/agent/sessions/--home-tcuni-claw-pi-pi-planner-only--/subagent-artifacts/824c5eea-585f-4926-98cd-f4b6f4d09642_worker_0_transcript.jsonl
8465769e-aa3a-43c2-8012-7b2c526d9ca7_worker_0_transcript.jsonl	3566fd7264516796	/home/tcuni-claw/.pi/agent/sessions/--home-tcuni-claw-pi-pi-planner-only--/subagent-artifacts/8465769e-aa3a-43c2-8012-7b2c526d9ca7_worker_0_transcript.jsonl
96266f25-1dd7-4902-adc4-bc951970532d_reviewer_0_transcript.jsonl	879644fb502ca94b	/home/tcuni-claw/.pi/agent/sessions/--home-tcuni-claw-pi-pi-planner-only--/subagent-artifacts/96266f25-1dd7-4902-adc4-bc951970532d_reviewer_0_transcript.jsonl
99ade928-001e-459e-bf89-da03030a75be_worker_0_transcript.jsonl	4aa15b5790626de1	/home/tcuni-claw/.pi/agent/sessions/--home-tcuni-claw-pi-pi-planner-only--/subagent-artifacts/99ade928-001e-459e-bf89-da03030a75be_worker_0_transcript.jsonl
a9426579-dc9e-4a48-8cb1-89802ec04bda_worker_0_transcript.jsonl	831b2a1becc99918	/home/tcuni-claw/.pi/agent/sessions/--home-tcuni-claw-pi-pi-planner-only--/subagent-artifacts/a9426579-dc9e-4a48-8cb1-89802ec04bda_worker_0_transcript.jsonl
a985c1da-8586-4d6c-a9fb-45a1cc371ebe_reviewer_0_transcript.jsonl	b3a83dca5e3942f3	/home/tcuni-claw/.pi/agent/sessions/--home-tcuni-claw-pi-pi-planner-only--/subagent-artifacts/a985c1da-8586-4d6c-a9fb-45a1cc371ebe_reviewer_0_transcript.jsonl
ab584e46-6259-4dfc-9f66-86e7a3fd9d82_worker_0_transcript.jsonl	3d72bc99ac24fe84	/home/tcuni-claw/.pi/agent/sessions/--home-tcuni-claw-pi-pi-planner-only--/subagent-artifacts/ab584e46-6259-4dfc-9f66-86e7a3fd9d82_worker_0_transcript.jsonl
b82e4920-6665-4685-bd83-ed32a44a7970_worker_0_transcript.jsonl	ce23f6afbffe9c97	/home/tcuni-claw/.pi/agent/sessions/--home-tcuni-claw-pi-pi-planner-only--/subagent-artifacts/b82e4920-6665-4685-bd83-ed32a44a7970_worker_0_transcript.jsonl
bcf08906-0c7b-407a-b5d3-14b349699590_scout_0_transcript.jsonl	156c7ffeb0a7e484	/home/tcuni-claw/.pi/agent/sessions/--home-tcuni-claw-pi-pi-planner-only--/subagent-artifacts/bcf08906-0c7b-407a-b5d3-14b349699590_scout_0_transcript.jsonl
c637090c-1e29-43d3-9ed9-269ee201aca1_worker_0_transcript.jsonl	fc66119538253002	/home/tcuni-claw/.pi/agent/sessions/--home-tcuni-claw-pi-pi-planner-only--/subagent-artifacts/c637090c-1e29-43d3-9ed9-269ee201aca1_worker_0_transcript.jsonl
cc3b371f-4bf2-462c-be91-e8fab31f5500_worker_0_transcript.jsonl	58b46eb977769a0c	/home/tcuni-claw/.pi/agent/sessions/--home-tcuni-claw-pi-pi-planner-only--/subagent-artifacts/cc3b371f-4bf2-462c-be91-e8fab31f5500_worker_0_transcript.jsonl
da9c35ee-68c8-417d-a638-f376b2b1f6f1_scout_0_transcript.jsonl	25c37a753376872e	/home/tcuni-claw/.pi/agent/sessions/--home-tcuni-claw-pi-pi-planner-only--/subagent-artifacts/da9c35ee-68c8-417d-a638-f376b2b1f6f1_scout_0_transcript.jsonl
dd97811b-acca-454d-a981-205047e23632_scout_0_transcript.jsonl	d44ce08e262dd952	/home/tcuni-claw/.pi/agent/sessions/--home-tcuni-claw-pi-pi-planner-only--/subagent-artifacts/dd97811b-acca-454d-a981-205047e23632_scout_0_transcript.jsonl
e119fd5f-69e6-4860-85d8-6c8ed1a7f246_oracle_0_transcript.jsonl	b188b961b6153b72	/home/tcuni-claw/.pi/agent/sessions/--home-tcuni-claw-pi-pi-planner-only--/subagent-artifacts/e119fd5f-69e6-4860-85d8-6c8ed1a7f246_oracle_0_transcript.jsonl
e5703d0a-451b-4099-ac52-a5fb39cb1df2_scout_0_transcript.jsonl	c58129f9b96aad9a	/home/tcuni-claw/.pi/agent/sessions/--home-tcuni-claw-pi-pi-planner-only--/subagent-artifacts/e5703d0a-451b-4099-ac52-a5fb39cb1df2_scout_0_transcript.jsonl
e836e8df-791f-4fc3-b249-e38d3e237bb0_scout_0_transcript.jsonl	43e39bc46217f9c4	/home/tcuni-claw/.pi/agent/sessions/--home-tcuni-claw-pi-pi-planner-only--/subagent-artifacts/e836e8df-791f-4fc3-b249-e38d3e237bb0_scout_0_transcript.jsonl
f529a5ee-3937-4214-b085-fd50c3c34616_worker_0_transcript.jsonl	9d87f61090ac77ee	/home/tcuni-claw/.pi/agent/sessions/--home-tcuni-claw-pi-pi-planner-only--/subagent-artifacts/f529a5ee-3937-4214-b085-fd50c3c34616_worker_0_transcript.jsonl
fef79724-1ad9-47f4-bdf1-891c66e3a7a5_scout_0_transcript.jsonl	8840698fbb35a3ab	/home/tcuni-claw/.pi/agent/sessions/--public-scripts-nf-rnaseq-v2--/subagent-artifacts/fef79724-1ad9-47f4-bdf1-891c66e3a7a5_scout_0_transcript.jsonl
25d5fd47-a782-471e-b38b-8e296f8c5cda_reviewer_0_transcript.jsonl	13a723ac5bb280bf	/home/tcuni-claw/.pi/agent/sessions/--public-scripts-tc-ngs-nf-utils--/subagent-artifacts/25d5fd47-a782-471e-b38b-8e296f8c5cda_reviewer_0_transcript.jsonl
3e586cec-1249-438a-8a7e-6b6746a1b60f_scout_0_transcript.jsonl	98d6cf4a7a24709b	/home/tcuni-claw/.pi/agent/sessions/--public-scripts-tc-ngs-nf-utils--/subagent-artifacts/3e586cec-1249-438a-8a7e-6b6746a1b60f_scout_0_transcript.jsonl
56354a54-8f24-470c-9dab-84093cc3287c_worker_0_transcript.jsonl	3220e4600e7efc12	/home/tcuni-claw/.pi/agent/sessions/--public-scripts-tc-ngs-nf-utils--/subagent-artifacts/56354a54-8f24-470c-9dab-84093cc3287c_worker_0_transcript.jsonl
63006bd3-4c37-4f2b-9c43-6d05b6a7f0fb_worker_0_transcript.jsonl	7fc2b07140ccc981	/home/tcuni-claw/.pi/agent/sessions/--public-scripts-tc-ngs-nf-utils--/subagent-artifacts/63006bd3-4c37-4f2b-9c43-6d05b6a7f0fb_worker_0_transcript.jsonl
9453a44e-19c1-4470-818b-d25c0b1d5855_worker_0_transcript.jsonl	bb86986a0142f0ae	/home/tcuni-claw/.pi/agent/sessions/--public-scripts-tc-ngs-nf-utils--/subagent-artifacts/9453a44e-19c1-4470-818b-d25c0b1d5855_worker_0_transcript.jsonl
9c0fbeaa-199f-4112-a836-f8254d583e82_worker_0_transcript.jsonl	35e4b7fa3990d66c	/home/tcuni-claw/.pi/agent/sessions/--public-scripts-tc-ngs-nf-utils--/subagent-artifacts/9c0fbeaa-199f-4112-a836-f8254d583e82_worker_0_transcript.jsonl
a149a9b0-2d6a-4a38-80fd-e1ce2309c2c3_worker_0_transcript.jsonl	4ca5895d38d51231	/home/tcuni-claw/.pi/agent/sessions/--public-scripts-tc-ngs-nf-utils--/subagent-artifacts/a149a9b0-2d6a-4a38-80fd-e1ce2309c2c3_worker_0_transcript.jsonl
c9f15139-a376-47e1-a134-eb7bc0012d5a_scout_0_transcript.jsonl	1aa53d25fd955872	/home/tcuni-claw/.pi/agent/sessions/--public-scripts-tc-ngs-nf-utils--/subagent-artifacts/c9f15139-a376-47e1-a134-eb7bc0012d5a_scout_0_transcript.jsonl
08a83dbb-3607-435a-94b5-766d458276c3_worker_0_transcript.jsonl	864189f13b1c1ad3	/home/tcuni-claw/.pi/agent/sessions/--public-scripts-tc-probe-design-v2--/subagent-artifacts/08a83dbb-3607-435a-94b5-766d458276c3_worker_0_transcript.jsonl
8faa66d7-4074-4755-a3a1-f10ffda90206_scout_0_transcript.jsonl	a99f2c17a775b0a5	/home/tcuni-claw/.pi/agent/sessions/--public-scripts-tc-probe-design-v2--/subagent-artifacts/8faa66d7-4074-4755-a3a1-f10ffda90206_scout_0_transcript.jsonl
cd5803ec-2528-4568-8443-18e8be3d4c3e_reviewer_0_transcript.jsonl	13da54632c42a6eb	/home/tcuni-claw/.pi/agent/sessions/--public-scripts-tc-probe-design-v2--/subagent-artifacts/cd5803ec-2528-4568-8443-18e8be3d4c3e_reviewer_0_transcript.jsonl
