id	blind_label	root_label	note
d005	C	C	需设计「委派前已脏路径」的区分方式
d038	C	U	主体在 ticket 文件里，原文给了位置和背景但没写完改法
d050	C	C	最终探针集、分池与完整性检查，约束多
d052	C	C	交付工作簿与图，含呈现取舍
d061	C	S	45 列逐列定义的表，规格详细，照做即可
d065	S	S	只改提示文本，逐条给出
d080	S	S	参照已验收脚本适配，关键数字已给
d081	S	S	四处改写原文已给
d107	C	C	打印页脚多入口验证，需判断
d153	C	S	写明「已定设计（照此实现）」，接口已给
d156	C	C	已有实现有问题需修，问题需自己定位
d185	C	C	修两处 P1，需理解并发/内存准入
d186	S	C	给了现象，根因与修法需定位
d198	S	S	按冻结方案准备并后台启动
d226	S	S	窗口规则、参数与测试均给出
d234	C	C	完成剩余项，范围需从 diff 推断
d246	C	C	适配真实 iTAK 格式并同步工作流
d266	C	S	补测试并修 3 个写明的小问题
d270	C	C	动画视觉设计
d281	C	C	动画视觉设计，分镜已定但构图需判断
