host,group,session,source,call_line,result_line,role,status,child_model,run_id,duration_s,envelope_s,child_tool_union_s,return_to_next_assistant_s
om09,Opus,01a0e5de-075c-7713-8774-fde92245dd31,snapshot/sessions/--home-scripts-nf-rnaseq-v2--/2026-09-28T02-35-28-477Z_01a0e5de-075c-7713-8774-fde92245dd31.jsonl,52,54,worker,completed,tcuni-luna/gpt-6-luna:medium,7de29ad1-833c-4c78-a370-42f63ad92404,298.93,301.4230000972748,13.851000547409058,3.7100000381469727
om09,Opus,01a0e620-dde2-7713-8774-fdeb6a879bb2,snapshot/sessions/--home-scripts-nf-rnaseq-v2--/2026-09-28T03-48-28-771Z_01a0e620-dde2-7713-8774-fdeb6a879bb2.jsonl,116,117,worker,completed,tcuni-luna/gpt-6-luna:medium,75b0287f-0e5c-4df3-ae45-f43cc7ee23b3,141.317,141.8360002040863,0.957000732421875,2.4769999980926514
om09,Opus,01a0e649-398b-7713-8774-fded5d70bdac,snapshot/sessions/--home-scripts-nf-rnaseq-v2--/2026-09-28T04-32-33-676Z_01a0e649-398b-7713-8774-fded5d70bdac.jsonl,36,37,explorer,completed,tcuni-luna/gpt-6-luna:low,0c1fe37a-bd40-4168-a665-53f0db2df7e8,191.405,191.75099992752075,2.121000051498413,24.042999982833862
om09,Opus,01a0e649-398b-7713-8774-fded5d70bdac,snapshot/sessions/--home-scripts-nf-rnaseq-v2--/2026-09-28T04-32-33-676Z_01a0e649-398b-7713-8774-fded5d70bdac.jsonl,44,45,worker,completed,tcuni-luna/gpt-6-luna:medium,1ceb6423-da64-4b6d-b274-911f77237b42,197.408,197.7920000553131,2.673999547958374,2.2060000896453857
om09,Opus,01a0e649-398b-7713-8774-fded5d70bdac,snapshot/sessions/--home-scripts-nf-rnaseq-v2--/2026-09-28T04-32-33-676Z_01a0e649-398b-7713-8774-fded5d70bdac.jsonl,54,55,worker,completed,tcuni-luna/gpt-6-luna:medium,6d6e54a5-f8d5-4f68-9d49-df7a35568de4,150.363,150.76900005340576,2.3529999256134033,2.868000030517578
om09,Opus,01a0e649-398b-7713-8774-fded5d70bdac,snapshot/sessions/--home-scripts-nf-rnaseq-v2--/2026-09-28T04-32-33-676Z_01a0e649-398b-7713-8774-fded5d70bdac.jsonl,73,74,worker,completed,tcuni-luna/gpt-6-luna:medium,a5a59126-481a-47fe-9da1-cdd90e5076dc,163.636,164.1139998435974,8.950999975204468,4.373000144958496
om09,Opus,01a0e649-398b-7713-8774-fded5d70bdac,snapshot/sessions/--home-scripts-nf-rnaseq-v2--/2026-09-28T04-32-33-676Z_01a0e649-398b-7713-8774-fded5d70bdac.jsonl,87,89,worker,completed,tcuni-luna/gpt-6-luna:medium,da75e30f-d7b6-4096-9485-ae9c4c2f945d,338.47,338.92700004577637,12.796999454498291,2.740999937057495
om09,Opus,01a0e649-398b-7713-8774-fded5d70bdac,snapshot/sessions/--home-scripts-nf-rnaseq-v2--/2026-09-28T04-32-33-676Z_01a0e649-398b-7713-8774-fded5d70bdac.jsonl,122,123,reviewer,completed,tcuni-luna/gpt-6-luna:high,4c40768b-9760-42da-a57f-f7072de3b391,128.592,129.0860002040863,0.9790000915527344,9.257999897003174
om09,Sonnet,01a0ea76-d7ab-7054-b8c4-824ce0303daa,snapshot/sessions/--home-scripts-nf-rnaseq-v2--/2026-09-29T00-00-52-140Z_01a0ea76-d7ab-7054-b8c4-824ce0303daa.jsonl,37,38,worker,completed,tcuni-luna/gpt-6-luna:medium,ec9b9567-fb44-47ad-b884-a901d12005c6,170.269,171.0550000667572,6.919999599456787,4.805999994277954
om09,Sonnet,01a0eac7-ee8c-7054-b8c4-82535e0d999b,snapshot/sessions/--home-scripts-nf-rnaseq-v2--/2026-09-29T01-29-26-413Z_01a0eac7-ee8c-7054-b8c4-82535e0d999b.jsonl,149,151,worker,completed,tcuni-luna/gpt-6-luna:medium,708f52c0-7938-414f-97a3-75cb6bae107a,261.024,261.4389998912811,21.102999448776245,5.878000020980835
om09,Opus,01a0eaf5-f478-7054-b8c4-82567e3df33e,snapshot/sessions/--home-scripts-nf-rnaseq-v2--/2026-09-29T02-19-42-584Z_01a0eaf5-f478-7054-b8c4-82567e3df33e.jsonl,27,28,worker,completed,tcuni-luna/gpt-6-luna:medium,73c8e997-53c1-4c8b-aebd-37aea8f8111a,127.746,128.13000011444092,7.9599997997283936,
om09,Opus,01a0eaf5-f478-7054-b8c4-82567e3df33e,snapshot/sessions/--home-scripts-nf-rnaseq-v2--/2026-09-29T02-19-42-584Z_01a0eaf5-f478-7054-b8c4-82567e3df33e.jsonl,84,85,worker,completed,tcuni-luna/gpt-6-luna:medium,76504ec6-5d23-4d76-9ac1-5623d2410793,186.284,186.70600008964539,2.9369993209838867,
om09,Opus,01a0eaf5-f478-7054-b8c4-82567e3df33e,snapshot/sessions/--home-scripts-nf-rnaseq-v2--/2026-09-29T02-19-42-584Z_01a0eaf5-f478-7054-b8c4-82567e3df33e.jsonl,107,109,worker,completed,tcuni-luna/gpt-6-luna:medium,d2e8f7cc-f047-40f6-b8fe-3d17414ddc8f,287.39,287.8369998931885,23.34799838066101,6.755000114440918
om09,Sonnet,01a0eb16-8c1c-7054-b8c4-825bb4f4b522,snapshot/sessions/--home-scripts-nf-rnaseq-v2--/2026-09-29T02-55-18-556Z_01a0eb16-8c1c-7054-b8c4-825bb4f4b522.jsonl,33,34,worker,completed,tcuni-luna/gpt-6-luna:medium,a50b33ab-1f57-4991-866b-c1050939ac50,130.196,130.59100008010864,2.640000581741333,
om09,Sonnet,01a0eb16-8c1c-7054-b8c4-825bb4f4b522,snapshot/sessions/--home-scripts-nf-rnaseq-v2--/2026-09-29T02-55-18-556Z_01a0eb16-8c1c-7054-b8c4-825bb4f4b522.jsonl,45,46,worker,completed,tcuni-luna/gpt-6-luna:medium,23ccfdcf-6cbd-4f36-abad-a4a0ed799910,252.066,252.40100002288818,26.389999389648438,3.9739999771118164
om09,Sonnet,01a0eb2e-3448-7054-b8c4-825c29b0b5f7,snapshot/sessions/--home-scripts-nf-rnaseq-v2--/2026-09-29T03-21-08-937Z_01a0eb2e-3448-7054-b8c4-825c29b0b5f7.jsonl,29,30,worker,completed,tcuni-luna/gpt-6-luna:medium,cf84a005-1c5a-4c8d-a84f-f74be95322e4,173.051,173.3550000190735,1.4929993152618408,
om09,Sonnet,01a0eb2e-3448-7054-b8c4-825c29b0b5f7,snapshot/sessions/--home-scripts-nf-rnaseq-v2--/2026-09-29T03-21-08-937Z_01a0eb2e-3448-7054-b8c4-825c29b0b5f7.jsonl,41,42,worker,completed,tcuni-luna/gpt-6-luna:medium,f31e3150-9ef5-43cf-9c46-8c39c46b54ec,149.584,149.99699997901917,28.766000032424927,4.5
om09,Sonnet,01a0eb2e-3448-7054-b8c4-825c29b0b5f7,snapshot/sessions/--home-scripts-nf-rnaseq-v2--/2026-09-29T03-21-08-937Z_01a0eb2e-3448-7054-b8c4-825c29b0b5f7.jsonl,63,65,worker,completed,tcuni-luna/gpt-6-luna:medium,f4d2ee12-e5c0-461d-99ae-4baf48ad4a5d,300.559,300.8250000476837,10.23699951171875,
om09,Sonnet,01a0eb2e-3448-7054-b8c4-825c29b0b5f7,snapshot/sessions/--home-scripts-nf-rnaseq-v2--/2026-09-29T03-21-08-937Z_01a0eb2e-3448-7054-b8c4-825c29b0b5f7.jsonl,72,73,worker,completed,tcuni-luna/gpt-6-luna:medium,807831d5-2d93-45eb-85b3-1d50baa0b8da,193.247,193.617999792099,6.792999982833862,14.444000005722046
om09,Sonnet,01a0eb2e-3448-7054-b8c4-825c29b0b5f7,snapshot/sessions/--home-scripts-nf-rnaseq-v2--/2026-09-29T03-21-08-937Z_01a0eb2e-3448-7054-b8c4-825c29b0b5f7.jsonl,78,80,worker,completed,tcuni-luna/gpt-6-luna:medium,d8a733d0-4c0e-496f-a7c4-3db5ebde4347,450.075,450.38300013542175,197.29500007629395,10.075999975204468
om09,Sonnet,01a0eb2e-3448-7054-b8c4-825c29b0b5f7,snapshot/sessions/--home-scripts-nf-rnaseq-v2--/2026-09-29T03-21-08-937Z_01a0eb2e-3448-7054-b8c4-825c29b0b5f7.jsonl,123,125,worker,completed,tcuni-luna/gpt-6-luna:medium,d8de6fe5-4713-4a57-8856-344396daa371,110.133,110.4779999256134,19.773000478744507,6.216000080108643
om09,Sonnet,01a0eb2e-3448-7054-b8c4-825c29b0b5f7,snapshot/sessions/--home-scripts-nf-rnaseq-v2--/2026-09-29T03-21-08-937Z_01a0eb2e-3448-7054-b8c4-825c29b0b5f7.jsonl,149,151,worker,completed,tcuni-luna/gpt-6-luna:medium,70fc214f-b846-4bb3-9a55-9e05479b79c9,290.39,290.77300000190735,84.15800046920776,7.143999814987183
om09,Sonnet,01a0eb7a-2913-7054-b8c4-825e6f23bf39,snapshot/sessions/--home-scripts-nf-rnaseq-v2--/2026-09-29T04-44-06-804Z_01a0eb7a-2913-7054-b8c4-825e6f23bf39.jsonl,17,18,worker,completed,tcuni-luna/gpt-6-luna:medium,8f8cbee6-e90e-46a6-b2d9-def470fc8360,203.327,203.70900011062622,1.9579994678497314,5.055999994277954
om09,Astra,01a0eb9e-4cd2-73ce-b291-4d40eaa335d4,snapshot/sessions/--home-scripts-nf-rnaseq-v2--/2026-09-29T05-23-35-251Z_01a0eb9e-4cd2-73ce-b291-4d40eaa335d4.jsonl,10,11,explorer,completed,tcuni-luna/gpt-6-luna:low,aeb9689f-bde2-4d3b-a32e-1d269e9400a2,143.661,144.27900004386902,9.638999700546265,
om09,Astra,01a0eb9e-4cd2-73ce-b291-4d40eaa335d4,snapshot/sessions/--home-scripts-nf-rnaseq-v2--/2026-09-29T05-23-35-251Z_01a0eb9e-4cd2-73ce-b291-4d40eaa335d4.jsonl,19,20,validator,completed,tcuni-luna/gpt-6-luna:low,50193fae-11dd-4d5d-9f6b-082009b1ce0a,76.4,76.60199999809265,1.9320006370544434,25.355000019073486
om09,Astra,01a0eb9e-4cd2-73ce-b291-4d40eaa335d4,snapshot/sessions/--home-scripts-nf-rnaseq-v2--/2026-09-29T05-23-35-251Z_01a0eb9e-4cd2-73ce-b291-4d40eaa335d4.jsonl,21,22,worker,timed_out,tcuni-luna/gpt-6-luna:medium,eb7a140b-01fb-4e23-9488-04a51c2c4df6,600.043,600.260999917984,326.6630001068115,19.04099988937378
om09,Astra,01a0eb9e-4cd2-73ce-b291-4d40eaa335d4,snapshot/sessions/--home-scripts-nf-rnaseq-v2--/2026-09-29T05-23-35-251Z_01a0eb9e-4cd2-73ce-b291-4d40eaa335d4.jsonl,27,28,worker,completed,tcuni-luna/gpt-6-luna:medium,f36b4aa8-057a-43b2-9c7a-747ee8f2d535,256.954,257.31300020217896,57.53000044822693,
om09,Astra,01a0eb9e-4cd2-73ce-b291-4d40eaa335d4,snapshot/sessions/--home-scripts-nf-rnaseq-v2--/2026-09-29T05-23-35-251Z_01a0eb9e-4cd2-73ce-b291-4d40eaa335d4.jsonl,30,31,explorer,completed,tcuni-luna/gpt-6-luna:low,8a1d17f6-e9cf-4589-91c6-4a054b6ab18d,125.424,125.69000005722046,1.0539989471435547,16.759999990463257
om09,Astra,01a0eb9e-4cd2-73ce-b291-4d40eaa335d4,snapshot/sessions/--home-scripts-nf-rnaseq-v2--/2026-09-29T05-23-35-251Z_01a0eb9e-4cd2-73ce-b291-4d40eaa335d4.jsonl,66,67,explorer,completed,tcuni-luna/gpt-6-luna:low,fd5ccd36-d1cc-4316-b893-6c9d1279b8d6,55.807,56.081000089645386,0.42299985885620117,13.422999858856201
om09,Astra,01a0eb9e-4cd2-73ce-b291-4d40eaa335d4,snapshot/sessions/--home-scripts-nf-rnaseq-v2--/2026-09-29T05-23-35-251Z_01a0eb9e-4cd2-73ce-b291-4d40eaa335d4.jsonl,79,80,validator,completed,tcuni-luna/gpt-6-luna:low,502c6e53-eef9-44b5-be0c-addc594ec0b4,73.719,73.9539999961853,14.582000255584717,73.68700003623962
om09,Opus,01a0ebbd-d7b9-7054-b8c4-8264ead8ed28,snapshot/sessions/--home-scripts-nf-rnaseq-v2--/2026-09-29T05-58-02-426Z_01a0ebbd-d7b9-7054-b8c4-8264ead8ed28.jsonl,65,67,worker,completed,tcuni-luna/gpt-6-luna:medium,ff0f98a3-87ec-4e28-a1c8-f59d96aa2880,270.856,271.2590000629425,57.319000005722046,33.098999977111816
om09,Opus,01a0ebbd-d7b9-7054-b8c4-8264ead8ed28,snapshot/sessions/--home-scripts-nf-rnaseq-v2--/2026-09-29T05-58-02-426Z_01a0ebbd-d7b9-7054-b8c4-8264ead8ed28.jsonl,95,97,explorer,completed,tcuni-luna/gpt-6-luna:low,27778207-7d71-4d21-8f61-b99d2a3f9685,280.861,281.1779999732971,1.9459998607635498,58.93599987030029
om09,Opus,01a0ebbd-d7b9-7054-b8c4-8264ead8ed28,snapshot/sessions/--home-scripts-nf-rnaseq-v2--/2026-09-29T05-58-02-426Z_01a0ebbd-d7b9-7054-b8c4-8264ead8ed28.jsonl,102,103,worker,completed,tcuni-luna/gpt-6-luna:medium,20cab799-9945-4443-ba11-277722b2b8b6,197.209,197.5199999809265,4.5759992599487305,59.75099992752075
om09,Opus,01a0ebbd-d7b9-7054-b8c4-8264ead8ed28,snapshot/sessions/--home-scripts-nf-rnaseq-v2--/2026-09-29T05-58-02-426Z_01a0ebbd-d7b9-7054-b8c4-8264ead8ed28.jsonl,149,151,worker,completed,tcuni-luna/gpt-6-luna:medium,37b0ebe7-0a08-41b1-9bfd-072062ece9e5,305.747,306.12199997901917,66.60799956321716,9.135999917984009
om09,Sonnet,01a0ec11-756b-7054-b8c4-82685149ae20,snapshot/sessions/--home-scripts-nf-rnaseq-v2--/2026-09-29T07-29-22-283Z_01a0ec11-756b-7054-b8c4-82685149ae20.jsonl,13,14,worker,completed,tcuni-luna/gpt-6-luna:medium,e933d439-3cd2-4767-ae31-d715c1d77ef6,180.079,180.53600001335144,3.447000026702881,4.4629998207092285
om09,Sonnet,01a0ec11-756b-7054-b8c4-82685149ae20,snapshot/sessions/--home-scripts-nf-rnaseq-v2--/2026-09-29T07-29-22-283Z_01a0ec11-756b-7054-b8c4-82685149ae20.jsonl,30,31,worker,completed,tcuni-luna/gpt-6-luna:medium,05a6dd87-8b18-44ac-852b-8824bbe73c3e,117.58,117.98000001907349,10.240000486373901,9.163000106811523
om09,Sonnet,01a0ec11-756b-7054-b8c4-82685149ae20,snapshot/sessions/--home-scripts-nf-rnaseq-v2--/2026-09-29T07-29-22-283Z_01a0ec11-756b-7054-b8c4-82685149ae20.jsonl,71,72,worker,completed,tcuni-luna/gpt-6-luna:medium,346fd3ca-27ce-4fc1-85fa-5a647654bfab,217.558,217.91300010681152,32.66599988937378,23.16599988937378
om09,Sonnet,01a0ec11-756b-7054-b8c4-82685149ae20,snapshot/sessions/--home-scripts-nf-rnaseq-v2--/2026-09-29T07-29-22-283Z_01a0ec11-756b-7054-b8c4-82685149ae20.jsonl,75,76,worker,completed,tcuni-luna/gpt-6-luna:medium,ce97ce81-e23d-4989-8945-387b2e49d2f0,107.078,107.51300001144409,33.15400004386902,6.026000022888184
om09,Sonnet,01a0ec11-756b-7054-b8c4-82685149ae20,snapshot/sessions/--home-scripts-nf-rnaseq-v2--/2026-09-29T07-29-22-283Z_01a0ec11-756b-7054-b8c4-82685149ae20.jsonl,119,120,worker,completed,tcuni-luna/gpt-6-luna:medium,66e64990-2aff-4e50-bf77-273dcad21d6e,187.155,187.4430000782013,19.54599952697754,52.05399990081787
om09,Sonnet,01a0ec11-756b-7054-b8c4-82685149ae20,snapshot/sessions/--home-scripts-nf-rnaseq-v2--/2026-09-29T07-29-22-283Z_01a0ec11-756b-7054-b8c4-82685149ae20.jsonl,153,155,worker,completed,tcuni-luna/gpt-6-luna:medium,40a47bc5-d6fd-4d8d-b0c5-63f4556d2b94,462.259,462.9539999961853,201.92100048065186,108.16400003433228
om09,Sonnet,01a0ec60-ec95-7054-b8c4-826a1bb456f6,snapshot/sessions/--home-scripts-nf-rnaseq-v2--/2026-09-29T08-56-10-133Z_01a0ec60-ec95-7054-b8c4-826a1bb456f6.jsonl,24,25,worker,completed,tcuni-luna/gpt-6-luna:medium,e98523e5-d032-419a-a22a-2762f4fa70f2,213.568,213.94600009918213,20.368000030517578,
om09,Sonnet,01a0ec60-ec95-7054-b8c4-826a1bb456f6,snapshot/sessions/--home-scripts-nf-rnaseq-v2--/2026-09-29T08-56-10-133Z_01a0ec60-ec95-7054-b8c4-826a1bb456f6.jsonl,39,42,worker,completed,tcuni-luna/gpt-6-luna:medium,d1aad63f-d134-46f1-b6d0-50de656268fb,558.331,558.6800000667572,206.97399950027466,2.113999843597412
om09,Sonnet,01a0ec60-ec95-7054-b8c4-826a1bb456f6,snapshot/sessions/--home-scripts-nf-rnaseq-v2--/2026-09-29T08-56-10-133Z_01a0ec60-ec95-7054-b8c4-826a1bb456f6.jsonl,45,46,worker,completed,tcuni-luna/gpt-6-luna:medium,3f8219fa-7a7b-4203-add2-b6178f8d879b,165.016,165.3550000190735,2.7990000247955322,4.311000108718872
om09,Astra,01a0ec8b-15e0-74bb-b290-ef1bb90eb114,snapshot/sessions/--home-scripts-nf-rnaseq-v2--/2026-09-29T09-42-13-217Z_01a0ec8b-15e0-74bb-b290-ef1bb90eb114.jsonl,21,22,worker,completed,tcuni-luna/gpt-6-luna:medium,af6978fa-0780-4353-98c6-049c261a96c9,147.943,148.58399987220764,0.3340001106262207,4.231000185012817
om09,Sonnet,01a0ec8c-e854-7054-b8c4-826d660a4669,snapshot/sessions/--home-scripts-nf-rnaseq-v2--/2026-09-29T09-44-12-629Z_01a0ec8c-e854-7054-b8c4-826d660a4669.jsonl,13,14,reviewer,completed,tcuni-luna/gpt-6-luna:high,2bb985f1-f63c-4b37-9396-e1e70ae496a1,86.586,86.97199988365173,0.33300018310546875,8.115000009536743
om09,Sonnet,01a0ec8c-e854-7054-b8c4-826d660a4669,snapshot/sessions/--home-scripts-nf-rnaseq-v2--/2026-09-29T09-44-12-629Z_01a0ec8c-e854-7054-b8c4-826d660a4669.jsonl,27,28,worker,completed,tcuni-luna/gpt-6-luna:medium,365685e8-bd6d-46fd-be5b-ef9fd469e410,238.746,239.11899995803833,11.960999250411987,5.311000108718872
om09,Sonnet,01a0ec8c-e854-7054-b8c4-826d660a4669,snapshot/sessions/--home-scripts-nf-rnaseq-v2--/2026-09-29T09-44-12-629Z_01a0ec8c-e854-7054-b8c4-826d660a4669.jsonl,38,39,worker,completed,tcuni-luna/gpt-6-luna:medium,b0bebdb1-26d4-4f81-b01c-451a2ac9872c,156.142,156.58400011062622,0.9049994945526123,8.539000034332275
om09,Sonnet,01a0ec8c-e854-7054-b8c4-826d660a4669,snapshot/sessions/--home-scripts-nf-rnaseq-v2--/2026-09-29T09-44-12-629Z_01a0ec8c-e854-7054-b8c4-826d660a4669.jsonl,44,45,worker,completed,tcuni-luna/gpt-6-luna:medium,b64c9551-3f66-49f5-8e9f-09bf10433210,216.54,216.93499994277954,28.7260000705719,8.996000051498413
om09,Sonnet,01a0ec8c-e854-7054-b8c4-826d660a4669,snapshot/sessions/--home-scripts-nf-rnaseq-v2--/2026-09-29T09-44-12-629Z_01a0ec8c-e854-7054-b8c4-826d660a4669.jsonl,48,49,worker,completed,tcuni-luna/gpt-6-luna:medium,095a7f16-5edc-4c0f-a662-c0210f8075c2,154.275,154.7130000591278,0.7899999618530273,9.946000099182129
om09,Sonnet,01a0ec8c-e854-7054-b8c4-826d660a4669,snapshot/sessions/--home-scripts-nf-rnaseq-v2--/2026-09-29T09-44-12-629Z_01a0ec8c-e854-7054-b8c4-826d660a4669.jsonl,52,53,worker,completed,tcuni-luna/gpt-6-luna:medium,4b59a616-cd98-433b-ab58-7a30468ffab8,172.698,173.0809998512268,13.67799997329712,8.811000108718872
om09,Sonnet,01a0ec8c-e854-7054-b8c4-826d660a4669,snapshot/sessions/--home-scripts-nf-rnaseq-v2--/2026-09-29T09-44-12-629Z_01a0ec8c-e854-7054-b8c4-826d660a4669.jsonl,56,57,reviewer,completed,tcuni-luna/gpt-6-luna:high,7ae94291-bdf9-484f-a0cf-d61dfecda7a7,135.828,136.12900018692017,0.40199995040893555,9.577999830245972
om09,Sonnet,01a0ec8c-e854-7054-b8c4-826d660a4669,snapshot/sessions/--home-scripts-nf-rnaseq-v2--/2026-09-29T09-44-12-629Z_01a0ec8c-e854-7054-b8c4-826d660a4669.jsonl,76,77,worker,completed,tcuni-luna/gpt-6-luna:medium,c5409d66-0d1e-42d9-9096-69a3254675e8,130.704,131.1289999485016,10.509000301361084,10.0
om09,Sonnet,01a0ec8c-e854-7054-b8c4-826d660a4669,snapshot/sessions/--home-scripts-nf-rnaseq-v2--/2026-09-29T09-44-12-629Z_01a0ec8c-e854-7054-b8c4-826d660a4669.jsonl,86,88,worker,completed,tcuni-luna/gpt-6-luna:medium,731d289a-125c-419f-9951-5ea821c7599b,262.608,262.9340000152588,6.286999702453613,5.453000068664551
om09,Sonnet,01a0ec8c-e854-7054-b8c4-826d660a4669,snapshot/sessions/--home-scripts-nf-rnaseq-v2--/2026-09-29T09-44-12-629Z_01a0ec8c-e854-7054-b8c4-826d660a4669.jsonl,108,109,worker,completed,tcuni-luna/gpt-6-luna:medium,7211c4c4-1e84-4e25-9f29-794a8039decb,265.896,266.21399998664856,23.95099949836731,13.565999984741211
om09,Sonnet,01a0ec8c-e854-7054-b8c4-826d660a4669,snapshot/sessions/--home-scripts-nf-rnaseq-v2--/2026-09-29T09-44-12-629Z_01a0ec8c-e854-7054-b8c4-826d660a4669.jsonl,110,111,reviewer,completed,tcuni-luna/gpt-6-luna:high,6d3c573b-1ce8-4437-ad87-6b8a8f99eed8,83.637,83.8289999961853,0.2610001564025879,23.973000049591064
om09,Sonnet,01a0ec8c-e854-7054-b8c4-826d660a4669,snapshot/sessions/--home-scripts-nf-rnaseq-v2--/2026-09-29T09-44-12-629Z_01a0ec8c-e854-7054-b8c4-826d660a4669.jsonl,112,113,worker,completed,tcuni-luna/gpt-6-luna:medium,ae077297-540a-4436-a442-f6269ea496d3,221.187,221.5519998073578,31.77799963951111,13.151000022888184
om09,Sonnet,01a0ec8c-e854-7054-b8c4-826d660a4669,snapshot/sessions/--home-scripts-nf-rnaseq-v2--/2026-09-29T09-44-12-629Z_01a0ec8c-e854-7054-b8c4-826d660a4669.jsonl,118,120,worker,completed,tcuni-luna/gpt-6-luna:medium,95f2d9bc-7e4d-4db3-9570-377a4de0a07c,442.932,443.19600009918213,148.8910002708435,11.085999965667725
om09,Sonnet,01a0ec8c-e854-7054-b8c4-826d660a4669,snapshot/sessions/--home-scripts-nf-rnaseq-v2--/2026-09-29T09-44-12-629Z_01a0ec8c-e854-7054-b8c4-826d660a4669.jsonl,127,128,worker,completed,tcuni-luna/gpt-6-luna:medium,6a7a1e88-bc5e-4499-9fc2-f188438bb031,201.481,201.78900003433228,49.57400059700012,16.598000049591064
om09,Sonnet,01a0ec8c-e854-7054-b8c4-826d660a4669,snapshot/sessions/--home-scripts-nf-rnaseq-v2--/2026-09-29T09-44-12-629Z_01a0ec8c-e854-7054-b8c4-826d660a4669.jsonl,129,130,reviewer,completed,tcuni-luna/gpt-6-luna:high,75b42092-de35-4fd6-a455-207f35663056,87.731,87.94999980926514,0.4549999237060547,6.5
om09,Sonnet,01a0ec8c-e854-7054-b8c4-826d660a4669,snapshot/sessions/--home-scripts-nf-rnaseq-v2--/2026-09-29T09-44-12-629Z_01a0ec8c-e854-7054-b8c4-826d660a4669.jsonl,142,143,worker,completed,tcuni-luna/gpt-6-luna:medium,69acef79-7da2-454b-acc7-d1ddbb812c13,163.621,163.92999982833862,79.08699989318848,11.586000204086304
om09,Sonnet,01a0ec8c-e854-7054-b8c4-826d660a4669,snapshot/sessions/--home-scripts-nf-rnaseq-v2--/2026-09-29T09-44-12-629Z_01a0ec8c-e854-7054-b8c4-826d660a4669.jsonl,150,151,worker,completed,tcuni-luna/gpt-6-luna:medium,a2fc5781-b744-48b2-a4a3-08243a51f6ab,163.393,163.69700002670288,53.04300022125244,8.66100001335144
om09,Sonnet,01a0ec8c-e854-7054-b8c4-826d660a4669,snapshot/sessions/--home-scripts-nf-rnaseq-v2--/2026-09-29T09-44-12-629Z_01a0ec8c-e854-7054-b8c4-826d660a4669.jsonl,154,156,worker,completed,tcuni-luna/gpt-6-luna:medium,d16c7b23-991d-471c-a421-4ccefac9b3c9,272.831,273.1929998397827,144.20199990272522,5.8460001945495605
om09,Sonnet,01a0ec8c-e854-7054-b8c4-826d660a4669,snapshot/sessions/--home-scripts-nf-rnaseq-v2--/2026-09-29T09-44-12-629Z_01a0ec8c-e854-7054-b8c4-826d660a4669.jsonl,159,160,worker,completed,tcuni-luna/gpt-6-luna:medium,c4ce9c01-1e7d-43f9-9c8c-8a7e1972a34d,252.501,252.8160002231598,30.310999870300293,4.68999981880188
om09,Sonnet,01a0ec8c-e854-7054-b8c4-826d660a4669,snapshot/sessions/--home-scripts-nf-rnaseq-v2--/2026-09-29T09-44-12-629Z_01a0ec8c-e854-7054-b8c4-826d660a4669.jsonl,171,172,worker,completed,tcuni-luna/gpt-6-luna:medium,468b0353-590f-46b9-ab35-401e4491cd31,423.814,424.15199995040894,84.1540002822876,10.138000011444092
om09,Sonnet,01a0ec8c-e854-7054-b8c4-826d660a4669,snapshot/sessions/--home-scripts-nf-rnaseq-v2--/2026-09-29T09-44-12-629Z_01a0ec8c-e854-7054-b8c4-826d660a4669.jsonl,175,176,reviewer,completed,tcuni-luna/gpt-6-luna:high,5eb38f12-1136-4fea-a1d2-df76ce35dc16,89.582,89.83200001716614,0.5089998245239258,12.5239999294281
om09,Sonnet,01a0ec8c-e854-7054-b8c4-826d660a4669,snapshot/sessions/--home-scripts-nf-rnaseq-v2--/2026-09-29T09-44-12-629Z_01a0ec8c-e854-7054-b8c4-826d660a4669.jsonl,177,178,worker,completed,tcuni-luna/gpt-6-luna:medium,edad2476-d451-4a72-9a13-4ea81d3c8c0f,202.318,202.73399996757507,58.060999631881714,8.440000057220459
om09,Sonnet,01a0ec8c-e854-7054-b8c4-826d660a4669,snapshot/sessions/--home-scripts-nf-rnaseq-v2--/2026-09-29T09-44-12-629Z_01a0ec8c-e854-7054-b8c4-826d660a4669.jsonl,183,185,worker,completed,tcuni-luna/gpt-6-luna:medium,3de04a34-d473-4a3d-a9fc-ab804b96c225,425.563,425.8029999732971,181.02499914169312,12.504000186920166
om09,Astra,01a0ecfe-3565-74bb-b290-ef1dc36050c7,snapshot/sessions/--home-scripts-nf-rnaseq-v2--/2026-09-29T11-47-57-926Z_01a0ecfe-3565-74bb-b290-ef1dc36050c7.jsonl,8,9,explorer,completed,tcuni-luna/gpt-6-luna:low,d910ba04-44fd-486e-95ce-cfbc986ec915,109.295,109.6579999923706,0.7960002422332764,10.746000051498413
om09,Sonnet,01a0ed15-b585-7054-b8c4-8271bd77a433,snapshot/sessions/--home-scripts-nf-rnaseq-v2--/2026-09-29T12-13-38-053Z_01a0ed15-b585-7054-b8c4-8271bd77a433.jsonl,43,46,worker,completed,tcuni-luna/gpt-6-luna:medium,c844261e-fbd3-42cf-b172-8291366dd3f8,540.091,540.904000043869,341.8340003490448,6.2170000076293945
om09,Sonnet,01a0ed15-b585-7054-b8c4-8271bd77a433,snapshot/sessions/--home-scripts-nf-rnaseq-v2--/2026-09-29T12-13-38-053Z_01a0ed15-b585-7054-b8c4-8271bd77a433.jsonl,53,54,worker,completed,tcuni-luna/gpt-6-luna:medium,6145f3d8-1086-474f-a56f-5df892c37891,166.74,167.31700015068054,34.459999561309814,8.023000001907349
om09,Sonnet,01a0ed15-b585-7054-b8c4-8271bd77a433,snapshot/sessions/--home-scripts-nf-rnaseq-v2--/2026-09-29T12-13-38-053Z_01a0ed15-b585-7054-b8c4-8271bd77a433.jsonl,68,69,worker,failed,tcuni-luna/gpt-6-luna:medium,560898d5-2cb0-4b2d-a41c-e94d012a6d95,194.196,194.57299995422363,60.94100022315979,0.2220001220703125
om09,Sonnet,01a0ed15-b585-7054-b8c4-8271bd77a433,snapshot/sessions/--home-scripts-nf-rnaseq-v2--/2026-09-29T12-13-38-053Z_01a0ed15-b585-7054-b8c4-8271bd77a433.jsonl,72,73,worker,failed,tcuni-luna/gpt-6-luna:medium,a67f9063-309f-49a1-b64d-61c55127954e,68.319,68.64399981498718,0.7660000324249268,0.27300000190734863
om09,Sonnet,01a0ed15-b585-7054-b8c4-8271bd77a433,snapshot/sessions/--home-scripts-nf-rnaseq-v2--/2026-09-29T12-13-38-053Z_01a0ed15-b585-7054-b8c4-8271bd77a433.jsonl,76,77,worker,completed,tcuni-luna/gpt-6-luna:medium,a8c03663-4c76-4e69-935f-5f54d6c360d1,204.088,204.4649999141693,76.6899995803833,9.784000158309937
om09,Sonnet,01a0ed15-b585-7054-b8c4-8271bd77a433,snapshot/sessions/--home-scripts-nf-rnaseq-v2--/2026-09-29T12-13-38-053Z_01a0ed15-b585-7054-b8c4-8271bd77a433.jsonl,78,80,worker,completed,tcuni-luna/gpt-6-luna:medium,383562aa-fbcd-4ec6-8d60-db5ff6b9dbdb,339.706,340.10399985313416,176.28600025177002,5.6000001430511475
om09,Sonnet,01a0ed15-b585-7054-b8c4-8271bd77a433,snapshot/sessions/--home-scripts-nf-rnaseq-v2--/2026-09-29T12-13-38-053Z_01a0ed15-b585-7054-b8c4-8271bd77a433.jsonl,83,84,worker,completed,tcuni-luna/gpt-6-luna:medium,e9ec2936-e093-415f-91f9-c9dee9875f63,121.386,121.72900009155273,2.112999677658081,3.7709999084472656
om09,Sonnet,01a0ed15-b585-7054-b8c4-8271bd77a433,snapshot/sessions/--home-scripts-nf-rnaseq-v2--/2026-09-29T12-13-38-053Z_01a0ed15-b585-7054-b8c4-8271bd77a433.jsonl,159,160,worker,completed,tcuni-luna/gpt-6-luna:medium,e8698076-9570-4edf-ba90-82407a63e126,224.077,224.41599988937378,56.651999711990356,9.744999885559082
tcuni-claw,Opus,01a0e669-daa5-7606-a31a-eeebb6fc0266,local-snapshot/sessions/--data_0-panel_design-projects-TC-BAFS-Triticale-100K-outputs--/2026-09-28T05-08-12-069Z_01a0e669-daa5-7606-a31a-eeebb6fc0266.jsonl,53,54,worker,completed,tcuni/gpt-6-luna:medium,5820fd76-39c3-45e0-9355-c6d2d4d36109,20.969,21.77400016784668,0.06000018119812012,7.745999813079834
tcuni-claw,Opus,01a0e6a0-eda4-7767-af57-e3c9d8486655,local-snapshot/sessions/--data_0-panel_design-projects-TC-Uni-Maize-PanExome-20260409--/2026-09-28T06-08-21-413Z_01a0e6a0-eda4-7767-af57-e3c9d8486655.jsonl,32,33,worker,completed,tcuni/gpt-6-luna:medium,8c3da77e-abf8-42b1-960b-a7d057ad0ca9,195.421,195.7389998435974,72.28999996185303,4.28600001335144
tcuni-claw,Opus,01a0e6a0-eda4-7767-af57-e3c9d8486655,local-snapshot/sessions/--data_0-panel_design-projects-TC-Uni-Maize-PanExome-20260409--/2026-09-28T06-08-21-413Z_01a0e6a0-eda4-7767-af57-e3c9d8486655.jsonl,53,54,worker,completed,tcuni/gpt-6-luna:medium,105f7ebd-422a-4729-81ae-4b2f32b7f890,223.7,223.7739999294281,6.500999927520752,3.1660001277923584
tcuni-claw,Opus,01a0e6a0-eda4-7767-af57-e3c9d8486655,local-snapshot/sessions/--data_0-panel_design-projects-TC-Uni-Maize-PanExome-20260409--/2026-09-28T06-08-21-413Z_01a0e6a0-eda4-7767-af57-e3c9d8486655.jsonl,57,58,worker,completed,tcuni/gpt-6-luna:medium,e4da333a-8dcf-4ded-8ac4-f11f3daf2198,218.473,218.62199997901917,13.879000425338745,3.8550000190734863
tcuni-claw,Opus,01a0e6a0-eda4-7767-af57-e3c9d8486655,local-snapshot/sessions/--data_0-panel_design-projects-TC-Uni-Maize-PanExome-20260409--/2026-09-28T06-08-21-413Z_01a0e6a0-eda4-7767-af57-e3c9d8486655.jsonl,61,64,worker,timed_out,tcuni/gpt-6-luna:medium,2903d8ec-c0af-4166-ba5a-d5eba3bdd540,600.013,600.0620000362396,533.0529997348785,3.121000051498413
tcuni-claw,Opus,01a0e6a0-eda4-7767-af57-e3c9d8486655,local-snapshot/sessions/--data_0-panel_design-projects-TC-Uni-Maize-PanExome-20260409--/2026-09-28T06-08-21-413Z_01a0e6a0-eda4-7767-af57-e3c9d8486655.jsonl,67,68,worker,completed,tcuni/gpt-6-luna:medium,6f05bc5c-cdf5-431e-9084-1f65b63e5fe6,188.142,188.2590000629425,6.962000370025635,27.670000076293945
tcuni-claw,Opus,01a0e6a0-eda4-7767-af57-e3c9d8486655,local-snapshot/sessions/--data_0-panel_design-projects-TC-Uni-Maize-PanExome-20260409--/2026-09-28T06-08-21-413Z_01a0e6a0-eda4-7767-af57-e3c9d8486655.jsonl,69,71,worker,completed,tcuni/gpt-6-luna:medium,a51dae47-fd4c-486c-8ec9-4af5a9a3fa38,379.885,379.960000038147,18.682000398635864,3.003999948501587
tcuni-claw,Opus,01a0e6a0-eda4-7767-af57-e3c9d8486655,local-snapshot/sessions/--data_0-panel_design-projects-TC-Uni-Maize-PanExome-20260409--/2026-09-28T06-08-21-413Z_01a0e6a0-eda4-7767-af57-e3c9d8486655.jsonl,78,79,validator,completed,tcuni/gpt-6-luna:low,2fb14cca-4371-45b7-857f-69ed12080719,198.774,198.85800004005432,4.431999921798706,5.164999961853027
tcuni-claw,Opus,01a0e6a0-eda4-7767-af57-e3c9d8486655,local-snapshot/sessions/--data_0-panel_design-projects-TC-Uni-Maize-PanExome-20260409--/2026-09-28T06-08-21-413Z_01a0e6a0-eda4-7767-af57-e3c9d8486655.jsonl,93,95,worker,completed,tcuni/gpt-6-luna:medium,86f75a2d-8257-4f2a-af69-fe0587218896,255.852,255.9390001296997,9.208999872207642,5.145999908447266
tcuni-claw,Opus,01a0e6a0-eda4-7767-af57-e3c9d8486655,local-snapshot/sessions/--data_0-panel_design-projects-TC-Uni-Maize-PanExome-20260409--/2026-09-28T06-08-21-413Z_01a0e6a0-eda4-7767-af57-e3c9d8486655.jsonl,103,105,worker,completed,tcuni/gpt-6-luna:medium,1739463b-a031-4c7b-996c-5ebd7b1c6472,318.12,318.17199993133545,38.513999938964844,4.502000093460083
tcuni-claw,Opus,01a0e6a0-eda4-7767-af57-e3c9d8486655,local-snapshot/sessions/--data_0-panel_design-projects-TC-Uni-Maize-PanExome-20260409--/2026-09-28T06-08-21-413Z_01a0e6a0-eda4-7767-af57-e3c9d8486655.jsonl,124,125,worker,completed,tcuni/gpt-6-luna:medium,c682834e-85d4-4f6b-8705-e01edad6373e,187.565,187.6600000858307,6.0729992389678955,7.639999866485596
tcuni-claw,Opus,01a0e6a0-eda4-7767-af57-e3c9d8486655,local-snapshot/sessions/--data_0-panel_design-projects-TC-Uni-Maize-PanExome-20260409--/2026-09-28T06-08-21-413Z_01a0e6a0-eda4-7767-af57-e3c9d8486655.jsonl,152,154,worker,completed,tcuni/gpt-6-luna:medium,22d4b9cf-6582-40da-bf82-e33e2d200481,261.022,261.0849997997284,64.9559998512268,7.402000188827515
tcuni-claw,Opus,01a0e6f1-d61c-7767-af57-e3cdea0fe719,local-snapshot/sessions/--data_0-panel_design-projects-TC-Uni-Maize-PanExome-20260409--/2026-09-28T07-36-43-804Z_01a0e6f1-d61c-7767-af57-e3cdea0fe719.jsonl,25,26,explorer,completed,tcuni/gpt-6-luna:low,1dc5909e-97b4-4ec3-b6b1-db58c3a89f21,183.428,183.59099984169006,3.315000295639038,13.070000171661377
tcuni-claw,Opus,01a0e6f1-d61c-7767-af57-e3cdea0fe719,local-snapshot/sessions/--data_0-panel_design-projects-TC-Uni-Maize-PanExome-20260409--/2026-09-28T07-36-43-804Z_01a0e6f1-d61c-7767-af57-e3cdea0fe719.jsonl,49,51,worker,completed,tcuni/gpt-6-luna:medium,8db9b9cc-e381-4f64-9909-a7327294ff4c,337.347,337.4630000591278,96.80599999427795,6.059000015258789
tcuni-claw,Opus,01a0e6f1-d61c-7767-af57-e3cdea0fe719,local-snapshot/sessions/--data_0-panel_design-projects-TC-Uni-Maize-PanExome-20260409--/2026-09-28T07-36-43-804Z_01a0e6f1-d61c-7767-af57-e3cdea0fe719.jsonl,76,78,worker,completed,tcuni/gpt-6-luna:medium,9daaaecf-ee67-48d6-8b01-6f031f28d2ec,412.459,412.5380001068115,194.53000020980835,7.109999895095825
tcuni-claw,Opus,01a0e6f1-d61c-7767-af57-e3cdea0fe719,local-snapshot/sessions/--data_0-panel_design-projects-TC-Uni-Maize-PanExome-20260409--/2026-09-28T07-36-43-804Z_01a0e6f1-d61c-7767-af57-e3cdea0fe719.jsonl,90,93,worker,timed_out,tcuni/gpt-6-luna:medium,52bf2b7b-75eb-45ad-9f02-91567e2eb5ba,600.116,600.1710000038147,351.9500000476837,6.2200000286102295
tcuni-claw,Opus,01a0e6f1-d61c-7767-af57-e3cdea0fe719,local-snapshot/sessions/--data_0-panel_design-projects-TC-Uni-Maize-PanExome-20260409--/2026-09-28T07-36-43-804Z_01a0e6f1-d61c-7767-af57-e3cdea0fe719.jsonl,123,125,worker,completed,tcuni/gpt-6-luna:medium,665c56a5-b325-406c-b776-1373ce351997,345.496,345.5859999656677,110.68100047111511,6.9039998054504395
tcuni-claw,Astra,01a0eb98-c49e-71b5-8c91-fdf167ff2b99,local-snapshot/sessions/--public-scripts-nf-rnaseq-v2--/2026-09-29T05-17-32-702Z_01a0eb98-c49e-71b5-8c91-fdf167ff2b99.jsonl,21,22,explorer,completed,tcuni/gpt-6-luna:low,fef79724-1ad9-47f4-bdf1-891c66e3a7a5,126.851,127.08200001716614,12.618000030517578,7.233999967575073
tcuni-claw,Opus,01a0e6b5-fac4-725b-8782-b7c89c1f57c9,local-snapshot/sessions/--public-scripts-tc-ngs-nf-utils--/2026-09-28T06-31-21-028Z_01a0e6b5-fac4-725b-8782-b7c89c1f57c9.jsonl,12,13,explorer,completed,tcuni/gpt-6-luna:low,3e586cec-1249-438a-8a7e-6b6746a1b60f,117.327,117.5090000629425,2.0890004634857178,7.508999824523926
tcuni-claw,Opus,01a0e6b5-fac4-725b-8782-b7c89c1f57c9,local-snapshot/sessions/--public-scripts-tc-ngs-nf-utils--/2026-09-28T06-31-21-028Z_01a0e6b5-fac4-725b-8782-b7c89c1f57c9.jsonl,46,47,worker,completed,tcuni/gpt-6-luna:medium,63006bd3-4c37-4f2b-9c43-6d05b6a7f0fb,109.922,110.18400001525879,0.47700047492980957,2.4860000610351562
tcuni-claw,Opus,01a0e6b5-fac4-725b-8782-b7c89c1f57c9,local-snapshot/sessions/--public-scripts-tc-ngs-nf-utils--/2026-09-28T06-31-21-028Z_01a0e6b5-fac4-725b-8782-b7c89c1f57c9.jsonl,98,99,reviewer,completed,tcuni/gpt-6-luna:high,25d5fd47-a782-471e-b38b-8e296f8c5cda,231.561,231.6650002002716,123.67700004577637,4.58899998664856
tcuni-claw,Opus,01a0e6b5-fac4-725b-8782-b7c89c1f57c9,local-snapshot/sessions/--public-scripts-tc-ngs-nf-utils--/2026-09-28T06-31-21-028Z_01a0e6b5-fac4-725b-8782-b7c89c1f57c9.jsonl,140,141,worker,completed,tcuni/gpt-6-luna:medium,a149a9b0-2d6a-4a38-80fd-e1ce2309c2c3,123.992,124.16599988937378,3.136000156402588,3.2260000705718994
tcuni-claw,Astra,01a0ebca-5bf9-76d3-ac42-273fc04d94ce,local-snapshot/sessions/--public-scripts-tc-ngs-nf-utils--/2026-09-29T06-11-42-714Z_01a0ebca-5bf9-76d3-ac42-273fc04d94ce.jsonl,15,16,explorer,completed,tcuni/gpt-6-luna:low,c9f15139-a376-47e1-a134-eb7bc0012d5a,182.814,183.03399991989136,110.52299952507019,17.68499994277954
tcuni-claw,Sonnet,01a0ebd1-ac7d-74eb-b814-8ce0598ede47,local-snapshot/sessions/--public-scripts-tc-ngs-nf-utils--/2026-09-29T06-19-42-077Z_01a0ebd1-ac7d-74eb-b814-8ce0598ede47.jsonl,12,13,worker,completed,tcuni/gpt-6-luna:medium,9453a44e-19c1-4470-818b-d25c0b1d5855,146.955,147.17499995231628,0.7049996852874756,3.317000150680542
tcuni-claw,Sonnet,01a0ebd1-ac7d-74eb-b814-8ce0598ede47,local-snapshot/sessions/--public-scripts-tc-ngs-nf-utils--/2026-09-29T06-19-42-077Z_01a0ebd1-ac7d-74eb-b814-8ce0598ede47.jsonl,21,22,worker,completed,tcuni/gpt-6-luna:medium,56354a54-8f24-470c-9dab-84093cc3287c,247.785,247.94599986076355,15.211999416351318,6.015000104904175
tcuni-claw,Sonnet,01a0ebd1-ac7d-74eb-b814-8ce0598ede47,local-snapshot/sessions/--public-scripts-tc-ngs-nf-utils--/2026-09-29T06-19-42-077Z_01a0ebd1-ac7d-74eb-b814-8ce0598ede47.jsonl,43,44,worker,completed,tcuni/gpt-6-luna:medium,9c0fbeaa-199f-4112-a836-f8254d583e82,174.964,175.12000012397766,28.01799988746643,5.4670000076293945
tcuni-claw,Sonnet,01a0ec15-c42c-71ce-80b0-53ba1a9f8af3,local-snapshot/sessions/--public-scripts-tc-probe-design-v2--/2026-09-29T07-34-04-588Z_01a0ec15-c42c-71ce-80b0-53ba1a9f8af3.jsonl,25,28,worker,timed_out,tcuni/gpt-6-luna:medium,08a83dbb-3607-435a-94b5-766d458276c3,600.013,600.5929999351501,33.2380006313324,3.4820001125335693
