host,group,session,source,active_s,episodes,unfinished_episodes,assistant_messages,delegations
om09,Opus,01a0ea74-dd26-70a0-b0e6-4a58980cb850,snapshot/sessions/--home-project-rnaseq-TC-BSR-20260719-ZHY001--/2026-09-28T23-58-42-470Z_01a0ea74-dd26-70a0-b0e6-4a58980cb850.jsonl,14.259999990463257,1,0,4,0
om09,Opus,01a0e6cb-82a5-70c4-8ae2-85a2958bc08c,snapshot/sessions/--home-scripts-nf-rnaseq--/2026-09-28T06-54-52-070Z_01a0e6cb-82a5-70c4-8ae2-85a2958bc08c.jsonl,613.0590000152588,7,0,48,0
om09,Opus,01a0e5de-075c-7713-8774-fde92245dd31,snapshot/sessions/--home-scripts-nf-rnaseq-v2--/2026-09-28T02-35-28-477Z_01a0e5de-075c-7713-8774-fde92245dd31.jsonl,1388.9349999427795,7,0,70,1
om09,Opus,01a0e620-dde2-7713-8774-fdeb6a879bb2,snapshot/sessions/--home-scripts-nf-rnaseq-v2--/2026-09-28T03-48-28-771Z_01a0e620-dde2-7713-8774-fdeb6a879bb2.jsonl,1003.8610000610352,1,0,80,1
om09,Opus,01a0e649-398b-7713-8774-fded5d70bdac,snapshot/sessions/--home-scripts-nf-rnaseq-v2--/2026-09-28T04-32-33-676Z_01a0e649-398b-7713-8774-fded5d70bdac.jsonl,1931.9800000190735,1,0,58,6
om09,Opus,01a0e676-a29a-7713-8774-fdefca5bada7,snapshot/sessions/--home-scripts-nf-rnaseq-v2--/2026-09-28T05-22-09-690Z_01a0e676-a29a-7713-8774-fdefca5bada7.jsonl,809.4879999160767,1,0,15,0
om09,Opus,01a0e687-8e12-7713-8774-fdf0c501b9a5,snapshot/sessions/--home-scripts-nf-rnaseq-v2--/2026-09-28T05-40-38-546Z_01a0e687-8e12-7713-8774-fdf0c501b9a5.jsonl,1690.9559998512268,3,0,63,0
om09,Sonnet,01a0ea76-d7ab-7054-b8c4-824ce0303daa,snapshot/sessions/--home-scripts-nf-rnaseq-v2--/2026-09-29T00-00-52-140Z_01a0ea76-d7ab-7054-b8c4-824ce0303daa.jsonl,451.9889998435974,3,0,31,1
om09,Opus,01a0eab0-962e-7054-b8c4-824f5b84929c,snapshot/sessions/--home-scripts-nf-rnaseq-v2--/2026-09-29T01-03-56-462Z_01a0eab0-962e-7054-b8c4-824f5b84929c.jsonl,272.2590000629425,1,0,6,0
om09,Sonnet,01a0eab5-d15c-7054-b8c4-825071bf728d,snapshot/sessions/--home-scripts-nf-rnaseq-v2--/2026-09-29T01-09-39-293Z_01a0eab5-d15c-7054-b8c4-825071bf728d.jsonl,426.1630001068115,1,0,29,0
om09,Sonnet,01a0eac7-ee8c-7054-b8c4-82535e0d999b,snapshot/sessions/--home-scripts-nf-rnaseq-v2--/2026-09-29T01-29-26-413Z_01a0eac7-ee8c-7054-b8c4-82535e0d999b.jsonl,1673.3939998149872,7,0,85,1
om09,Opus,01a0eaf5-f478-7054-b8c4-82567e3df33e,snapshot/sessions/--home-scripts-nf-rnaseq-v2--/2026-09-29T02-19-42-584Z_01a0eaf5-f478-7054-b8c4-82567e3df33e.jsonl,1786.3079998493195,2,0,62,3
om09,Sonnet,01a0eb11-f93b-7054-b8c4-8258831a273e,snapshot/sessions/--home-scripts-nf-rnaseq-v2--/2026-09-29T02-50-18-812Z_01a0eb11-f93b-7054-b8c4-8258831a273e.jsonl,143.08699989318848,2,0,21,0
om09,Sonnet,01a0eb16-8c1c-7054-b8c4-825bb4f4b522,snapshot/sessions/--home-scripts-nf-rnaseq-v2--/2026-09-29T02-55-18-556Z_01a0eb16-8c1c-7054-b8c4-825bb4f4b522.jsonl,1071.1310000419617,2,0,42,2
om09,Sonnet,01a0eb2e-3448-7054-b8c4-825c29b0b5f7,snapshot/sessions/--home-scripts-nf-rnaseq-v2--/2026-09-29T03-21-08-937Z_01a0eb2e-3448-7054-b8c4-825c29b0b5f7.jsonl,4667.992999792099,3,0,64,7
om09,Sonnet,01a0eb7a-2913-7054-b8c4-825e6f23bf39,snapshot/sessions/--home-scripts-nf-rnaseq-v2--/2026-09-29T04-44-06-804Z_01a0eb7a-2913-7054-b8c4-825e6f23bf39.jsonl,695.4119999408722,1,0,31,1
om09,Sonnet,01a0eb91-d480-7054-b8c4-826056754971,snapshot/sessions/--home-scripts-nf-rnaseq-v2--/2026-09-29T05-09-58-017Z_01a0eb91-d480-7054-b8c4-826056754971.jsonl,383.89599990844727,1,0,18,0
om09,Astra,01a0eb9e-4cd2-73ce-b291-4d40eaa335d4,snapshot/sessions/--home-scripts-nf-rnaseq-v2--/2026-09-29T05-23-35-251Z_01a0eb9e-4cd2-73ce-b291-4d40eaa335d4.jsonl,2196.1849999427795,3,0,34,7
om09,Sonnet,01a0ebaa-0590-7054-b8c4-8262917bf3ef,snapshot/sessions/--home-scripts-nf-rnaseq-v2--/2026-09-29T05-36-23-440Z_01a0ebaa-0590-7054-b8c4-8262917bf3ef.jsonl,600.0130000114441,2,0,27,0
om09,Opus,01a0ebbd-d7b9-7054-b8c4-8264ead8ed28,snapshot/sessions/--home-scripts-nf-rnaseq-v2--/2026-09-29T05-58-02-426Z_01a0ebbd-d7b9-7054-b8c4-8264ead8ed28.jsonl,4898.895999908447,6,0,80,4
om09,Sonnet,01a0ec11-756b-7054-b8c4-82685149ae20,snapshot/sessions/--home-scripts-nf-rnaseq-v2--/2026-09-29T07-29-22-283Z_01a0ec11-756b-7054-b8c4-82685149ae20.jsonl,5161.911999940872,1,0,80,6
om09,Sonnet,01a0ec60-ec95-7054-b8c4-826a1bb456f6,snapshot/sessions/--home-scripts-nf-rnaseq-v2--/2026-09-29T08-56-10-133Z_01a0ec60-ec95-7054-b8c4-826a1bb456f6.jsonl,1204.6299998760223,6,0,32,3
om09,Astra,01a0ec62-11d8-74bb-b290-ef175a7fa00b,snapshot/sessions/--home-scripts-nf-rnaseq-v2--/2026-09-29T08-57-25-210Z_01a0ec62-11d8-74bb-b290-ef175a7fa00b.jsonl,86.36800003051758,1,0,5,0
om09,Sonnet,01a0ec88-520e-74bb-b290-ef19c1966e9f,snapshot/sessions/--home-scripts-nf-rnaseq-v2--/2026-09-29T09-39-12-014Z_01a0ec88-520e-74bb-b290-ef19c1966e9f.jsonl,13.148000001907349,1,0,3,0
om09,Astra,01a0ec8b-15e0-74bb-b290-ef1bb90eb114,snapshot/sessions/--home-scripts-nf-rnaseq-v2--/2026-09-29T09-42-13-217Z_01a0ec8b-15e0-74bb-b290-ef1bb90eb114.jsonl,412.1340000629425,1,0,14,1
om09,Sonnet,01a0ec8c-e854-7054-b8c4-826d660a4669,snapshot/sessions/--home-scripts-nf-rnaseq-v2--/2026-09-29T09-44-12-629Z_01a0ec8c-e854-7054-b8c4-826d660a4669.jsonl,5938.428000211716,4,0,88,23
om09,Astra,01a0ecfe-3565-74bb-b290-ef1dc36050c7,snapshot/sessions/--home-scripts-nf-rnaseq-v2--/2026-09-29T11-47-57-926Z_01a0ecfe-3565-74bb-b290-ef1dc36050c7.jsonl,181.70099997520447,1,0,4,1
om09,Sonnet,01a0ed15-b585-7054-b8c4-8271bd77a433,snapshot/sessions/--home-scripts-nf-rnaseq-v2--/2026-09-29T12-13-38-053Z_01a0ed15-b585-7054-b8c4-8271bd77a433.jsonl,11742.006999969482,1,1,85,8
om09,Sonnet,01a0edce-c00d-74b1-93c2-81ba835b080c,snapshot/sessions/--home-scripts-nf-rnaseq-v2--/2026-09-29T15-35-44-910Z_01a0edce-c00d-74b1-93c2-81ba835b080c.jsonl,15.778000116348267,1,0,3,0
tcuni-claw,Sonnet,01a0ea44-1f0c-7561-88b3-ae454fc88131,local-snapshot/sessions/--data_0-panel_design-projects-TC-BAFS-Triticale-100K--/2026-09-28T23-05-28-077Z_01a0ea44-1f0c-7561-88b3-ae454fc88131.jsonl,1.8029999732971191,1,0,1,0
tcuni-claw,Sonnet,01a0ea4c-4108-7561-88b3-ae468377e75d,local-snapshot/sessions/--data_0-panel_design-projects-TC-BAFS-Triticale-100K--/2026-09-28T23-14-21-064Z_01a0ea4c-4108-7561-88b3-ae468377e75d.jsonl,76.17500019073486,1,0,8,0
tcuni-claw,Opus,01a0e669-daa5-7606-a31a-eeebb6fc0266,local-snapshot/sessions/--data_0-panel_design-projects-TC-BAFS-Triticale-100K-outputs--/2026-09-28T05-08-12-069Z_01a0e669-daa5-7606-a31a-eeebb6fc0266.jsonl,234.07099962234497,4,0,24,1
tcuni-claw,Opus,01a0e690-48a5-722c-b9d5-30de5e5bddc8,local-snapshot/sessions/--data_0-panel_design-projects-TC-BAFS-Wheat-100K-DUS-v1-251111--/2026-09-28T05-50-10-597Z_01a0e690-48a5-722c-b9d5-30de5e5bddc8.jsonl,412.0580003261566,7,0,52,0
tcuni-claw,Opus,01a0e6a0-eda4-7767-af57-e3c9d8486655,local-snapshot/sessions/--data_0-panel_design-projects-TC-Uni-Maize-PanExome-20260409--/2026-09-28T06-08-21-413Z_01a0e6a0-eda4-7767-af57-e3c9d8486655.jsonl,5146.84299993515,3,0,73,11
tcuni-claw,Opus,01a0e6f1-d61c-7767-af57-e3cdea0fe719,local-snapshot/sessions/--data_0-panel_design-projects-TC-Uni-Maize-PanExome-20260409--/2026-09-28T07-36-43-804Z_01a0e6f1-d61c-7767-af57-e3cdea0fe719.jsonl,3733.9429998397827,7,0,82,5
tcuni-claw,Astra,01a0eb98-c49e-71b5-8c91-fdf167ff2b99,local-snapshot/sessions/--public-scripts-nf-rnaseq-v2--/2026-09-29T05-17-32-702Z_01a0eb98-c49e-71b5-8c91-fdf167ff2b99.jsonl,247.5389997959137,2,0,10,1
tcuni-claw,Opus,01a0e541-c937-75f4-b1b1-4b32ff64c968,local-snapshot/sessions/--public-scripts-tc-ngs-nf-utils--/2026-09-27T23-44-48-952Z_01a0e541-c937-75f4-b1b1-4b32ff64c968.jsonl,2136.7599999904633,6,0,59,0
tcuni-claw,Opus,01a0e6b5-fac4-725b-8782-b7c89c1f57c9,local-snapshot/sessions/--public-scripts-tc-ngs-nf-utils--/2026-09-28T06-31-21-028Z_01a0e6b5-fac4-725b-8782-b7c89c1f57c9.jsonl,1572.3020000457764,6,0,83,4
tcuni-claw,Opus,01a0e6e0-614d-725b-8782-b7ccddcc2fc6,local-snapshot/sessions/--public-scripts-tc-ngs-nf-utils--/2026-09-28T07-17-39-789Z_01a0e6e0-614d-725b-8782-b7ccddcc2fc6.jsonl,561.063000202179,5,0,34,0
tcuni-claw,Sonnet,01a0ebb6-a7d8-74eb-b814-8cdfb6aad63d,local-snapshot/sessions/--public-scripts-tc-ngs-nf-utils--/2026-09-29T05-50-11-416Z_01a0ebb6-a7d8-74eb-b814-8cdfb6aad63d.jsonl,237.73499965667725,4,0,15,0
tcuni-claw,Astra,01a0ebca-5bf9-76d3-ac42-273fc04d94ce,local-snapshot/sessions/--public-scripts-tc-ngs-nf-utils--/2026-09-29T06-11-42-714Z_01a0ebca-5bf9-76d3-ac42-273fc04d94ce.jsonl,442.95499992370605,2,0,11,1
tcuni-claw,Sonnet,01a0ebd1-ac7d-74eb-b814-8ce0598ede47,local-snapshot/sessions/--public-scripts-tc-ngs-nf-utils--/2026-09-29T06-19-42-077Z_01a0ebd1-ac7d-74eb-b814-8ce0598ede47.jsonl,988.6029996871948,4,0,38,3
tcuni-claw,Sonnet,01a0ec15-c42c-71ce-80b0-53ba1a9f8af3,local-snapshot/sessions/--public-scripts-tc-probe-design-v2--/2026-09-29T07-34-04-588Z_01a0ec15-c42c-71ce-80b0-53ba1a9f8af3.jsonl,725.1100001335144,1,0,13,1
tcuni-claw,Sonnet,01a0ec4a-49f4-71ce-80b0-53bcf54150e3,local-snapshot/sessions/--public-scripts-tc-probe-design-v2--/2026-09-29T08-31-26-709Z_01a0ec4a-49f4-71ce-80b0-53bcf54150e3.jsonl,825.5350000858307,4,0,51,0
